{
  "count": 4988,
  "average_completion_length": 1399.5120288692863,
  "elapsed_seconds": 21191.98972582817
}