{
  "count": 4988,
  "average_completion_length": 1565.9268243785084,
  "elapsed_seconds": 23519.383855819702
}