{
  "count": 4988,
  "average_completion_length": 1466.3791098636727,
  "elapsed_seconds": 21589.02644777298
}