{
  "count": 4988,
  "average_completion_length": 1421.93865276664,
  "elapsed_seconds": 21742.324502944946
}