{
  "count": 5200,
  "average_completion_length": 28.309615384615384,
  "elapsed_seconds": 2691.264291524887
}