{
  "count": 5200,
  "average_completion_length": 29.13423076923077,
  "elapsed_seconds": 2713.5876882076263
}